timestamp_utc,label,server,workload,clients,run,duration_s,rate_per_client_s,payload_bytes,offered,offered_msg_s,completed,completed_by_deadline_msg_s,delivered,delivered_by_deadline_msg_s,delivery_ratio,latency_samples,p50_ms,p95_ms,p99_ms,server_cpu_percent,scheduler_lag_p95_ms,client_disconnects,send_errors,disconnect_reasons
2026-07-31T03:49:36.401502+00:00,poll,/home/dhruv/Documents/Programming/event-driven-chat-server/server,direct,10,1,10.0,3.0,0,300,30.0,300,30.0,300,30.0,1.0,300,0.39421649999999997,0.5941545,0.6995531099999999,0.6,1.1710124497767538,0,0,
2026-07-31T03:49:48.765322+00:00,poll,/home/dhruv/Documents/Programming/event-driven-chat-server/server,direct,10,2,10.0,3.0,0,300,30.0,300,30.0,300,30.0,1.0,300,0.341609,0.5388474000000001,0.6798051999999998,0.6,1.131020052707754,0,0,
2026-07-31T03:50:01.131178+00:00,poll,/home/dhruv/Documents/Programming/event-driven-chat-server/server,direct,10,3,10.0,3.0,0,300,30.0,300,30.0,300,30.0,1.0,300,0.4202895,0.59113185,0.7872745099999973,0.49999999999999994,1.1531405500136316,0,0,
2026-07-31T03:50:13.512364+00:00,poll,/home/dhruv/Documents/Programming/event-driven-chat-server/server,direct,50,1,10.0,3.0,0,1500,150.0,1500,150.0,1500,150.0,1.0,1500,0.435794,0.6755424499999999,0.9445627299999996,3.5999999999999996,1.147477116319351,0,0,
2026-07-31T03:50:25.882250+00:00,poll,/home/dhruv/Documents/Programming/event-driven-chat-server/server,direct,50,2,10.0,3.0,0,1500,150.0,1500,150.0,1500,150.0,1.0,1500,0.448378,0.6805867999999999,1.24509546,3.6999999999999997,1.1533047334523872,0,0,
2026-07-31T03:50:38.262480+00:00,poll,/home/dhruv/Documents/Programming/event-driven-chat-server/server,direct,50,3,10.0,3.0,0,1500,150.0,1500,150.0,1500,150.0,1.0,1500,0.4599885,0.6767154,0.8817558899999999,3.6999999999999997,1.1694683198584244,0,0,
2026-07-31T03:50:50.671388+00:00,poll,/home/dhruv/Documents/Programming/event-driven-chat-server/server,direct,100,1,10.0,3.0,0,3000,300.0,3000,300.0,3000,300.0,1.0,3000,0.4987205,0.7260483,0.9361035499999991,9.1,1.145229290705174,0,0,
2026-07-31T03:51:03.095314+00:00,poll,/home/dhruv/Documents/Programming/event-driven-chat-server/server,direct,100,2,10.0,3.0,0,3000,300.0,3000,300.0,3000,300.0,1.0,3000,0.5127215,0.7433926499999999,0.9385683499999987,9.5,1.1680865194648502,0,0,
2026-07-31T03:51:15.508428+00:00,poll,/home/dhruv/Documents/Programming/event-driven-chat-server/server,direct,100,3,10.0,3.0,0,3000,300.0,3000,300.0,3000,300.0,1.0,3000,0.48493450000000005,0.7024206500000001,0.8784930299999997,9.100000000000001,1.1408474179916082,0,0,
2026-07-31T03:51:28.605527+00:00,poll,/home/dhruv/Documents/Programming/event-driven-chat-server/server,direct,500,1,10.0,3.0,0,15000,1500.0,15000,1499.8,15000,1499.8,1.0,15000,0.625726,0.9894533499999998,1.1964186100000003,68.2,1.0717830795329064,0,0,
2026-07-31T03:51:41.508731+00:00,poll,/home/dhruv/Documents/Programming/event-driven-chat-server/server,direct,500,2,10.0,3.0,0,15000,1500.0,15000,1499.9,15000,1499.9,1.0,15000,0.658355,1.12064405,1.49782515,72.10000000000001,1.0631644545355812,0,0,
2026-07-31T03:51:54.568245+00:00,poll,/home/dhruv/Documents/Programming/event-driven-chat-server/server,direct,500,3,10.0,3.0,0,15000,1500.0,15000,1499.8,15000,1499.8,1.0,15000,0.6617445,1.126518,1.5309566200000004,72.49999999999999,1.0556755994912235,0,0,
2026-07-31T03:52:06.970579+00:00,poll,/home/dhruv/Documents/Programming/event-driven-chat-server/server,broadcast,10,1,10.0,3.0,128,270,27.0,270,27.0,2430,243.0,1.0,270,0.6934495,1.02180925,1.28231033,0.8,1.1780361732235176,0,0,
2026-07-31T03:52:19.333444+00:00,poll,/home/dhruv/Documents/Programming/event-driven-chat-server/server,broadcast,10,2,10.0,3.0,128,270,27.0,270,27.0,2430,243.0,1.0,270,0.6995825,1.0067409999999999,1.13459822,0.8,1.145401134272106,0,0,
2026-07-31T03:52:31.696422+00:00,poll,/home/dhruv/Documents/Programming/event-driven-chat-server/server,broadcast,10,3,10.0,3.0,128,270,27.0,270,27.0,2430,243.0,1.0,270,0.7164105,1.0119044999999998,1.1028662999999999,0.8,1.1685545061482117,0,0,
2026-07-31T03:52:44.120094+00:00,poll,/home/dhruv/Documents/Programming/event-driven-chat-server/server,broadcast,50,1,10.0,3.0,128,1470,147.0,1470,147.0,72030,7201.5,1.0,1470,1.2531375,2.2767686499999997,2.5172177799999997,9.0,1.1091242922702804,0,0,
2026-07-31T03:52:56.551954+00:00,poll,/home/dhruv/Documents/Programming/event-driven-chat-server/server,broadcast,50,2,10.0,3.0,128,1470,147.0,1470,147.0,72030,7201.5,1.0,1470,1.2574770000000002,2.2812256,2.5018225599999986,8.9,1.1387406208086759,0,0,
2026-07-31T03:53:08.977093+00:00,poll,/home/dhruv/Documents/Programming/event-driven-chat-server/server,broadcast,50,3,10.0,3.0,128,1470,147.0,1470,147.0,72030,7201.5,1.0,1470,1.3085309999999999,2.3564114000000003,2.5525375799999996,9.200000000000001,1.1350087559549138,0,0,
2026-07-31T03:53:21.440763+00:00,poll,/home/dhruv/Documents/Programming/event-driven-chat-server/server,broadcast,100,1,10.0,3.0,128,2970,297.0,2970,297.0,294030,29396.4,1.0,2970,1.7765245,3.4974704999999995,4.953667749999999,26.900000000000002,1.1818357626907527,0,0,
2026-07-31T03:53:33.906803+00:00,poll,/home/dhruv/Documents/Programming/event-driven-chat-server/server,broadcast,100,2,10.0,3.0,128,2970,297.0,2970,297.0,294030,29396.4,1.0,2970,1.8328734999999998,3.5444537499999957,4.70189351,27.199999999999996,1.1759020620957015,0,0,
2026-07-31T03:53:46.374834+00:00,poll,/home/dhruv/Documents/Programming/event-driven-chat-server/server,broadcast,100,3,10.0,3.0,128,2970,297.0,2970,297.0,294030,29396.4,1.0,2970,1.5579450000000001,3.0847522499999998,4.02374703,24.900000000000002,1.1279036931227893,0,0,
2026-07-31T03:53:59.227643+00:00,poll,/home/dhruv/Documents/Programming/event-driven-chat-server/server,broadcast,500,1,10.0,3.0,128,14969,1496.9,14969,1495.5,7469531,746131.2,1.0,14969,9.159381,15.45386059999991,34.501617439999976,98.4,4.142832790967076,0,0,
2026-07-31T03:54:12.177271+00:00,poll,/home/dhruv/Documents/Programming/event-driven-chat-server/server,broadcast,500,2,10.0,3.0,128,14968,1496.8,14968,1494.7,7469032,746110.8,1.0,14968,8.9184525,13.9576995,30.204801339999996,98.5,4.19381347601302,0,0,
2026-07-31T03:54:24.936397+00:00,poll,/home/dhruv/Documents/Programming/event-driven-chat-server/server,broadcast,500,3,10.0,3.0,128,7807,780.7,159,15.9,1936992,193699.2,0.49721371781605994,159,44.966252,64.69363829999999,68.93539764,44.3,3.0020801117643705,248,7162,disconnect fd=256 username=bench-252 reason=slow client: chat message output queue overflow pending=16284 peak=16284 | disconnect fd=503 username=bench-499 reason=slow client: chat message output queue overflow pending=16284 peak=16284 | disconnect fd=502 username=bench-498 reason=slow client: chat message output queue overflow pending=16284 peak=16284 | disconnect fd=501 username=bench-497 reason=slow client: chat message output queue overflow pending=16284 peak=16284 | disconnect fd=500 username=bench-496 reason=slow client: chat message output queue overflow pending=16284 peak=16284 | disconnect fd=499 username=bench-495 reason=slow client: chat message output queue overflow pending=16284 peak=16284 | disconnect fd=498 username=bench-494 reason=slow client: chat message output queue overflow pending=16284 peak=16284 | disconnect fd=497 username=bench-493 reason=slow client: chat message output queue overflow pending=16284 peak=16284 | disconnect fd=496 username=bench-492 reason=slow client: chat message output queue overflow pending=16284 peak=16284 | disconnect fd=495 username=bench-491 reason=slow client: chat message output queue overflow pending=16284 peak=16284 | disconnect fd=494 username=bench-490 reason=slow client: chat message output queue overflow pending=16284 peak=16284 | disconnect fd=493 username=bench-489 reason=slow client: chat message output queue overflow pending=16284 peak=16284 | disconnect fd=492 username=bench-488 reason=slow client: chat message output queue overflow pending=16284 peak=16284 | disconnect fd=491 username=bench-487 reason=slow client: chat message output queue overflow pending=16284 peak=16284 | disconnect fd=490 username=bench-486 reason=slow client: chat message output queue overflow pending=16284 peak=16284 | disconnect fd=489 username=bench-485 reason=slow client: chat message output queue overflow pending=16284 peak=16284 | disconnect fd=488 username=bench-484 reason=slow client: chat message output queue overflow pending=16284 peak=16284 | disconnect fd=487 username=bench-483 reason=slow client: chat message output queue overflow pending=16284 peak=16284 | disconnect fd=486 username=bench-482 reason=slow client: chat message output queue overflow pending=16284 peak=16284 | disconnect fd=485 username=bench-481 reason=slow client: chat message output queue overflow pending=16284 peak=16284 | disconnect fd=484 username=bench-480 reason=slow client: chat message output queue overflow pending=16284 peak=16284 | disconnect fd=483 username=bench-479 reason=slow client: chat message output queue overflow pending=16284 peak=16284 | disconnect fd=482 username=bench-478 reason=slow client: chat message output queue overflow pending=16284 peak=16284 | disconnect fd=481 username=bench-477 reason=slow client: chat message output queue overflow pending=16284 peak=16284 | disconnect fd=480 username=bench-476 reason=slow client: chat message output queue overflow pending=16284 peak=16284 | disconnect fd=479 username=bench-475 reason=slow client: chat message output queue overflow pending=16284 peak=16284 | disconnect fd=478 username=bench-474 reason=slow client: chat message output queue overflow pending=16284 peak=16284 | disconnect fd=477 username=bench-473 reason=slow client: chat message output queue overflow pending=16284 peak=16284 | disconnect fd=476 username=bench-472 reason=slow client: chat message output queue overflow pending=16284 peak=16284 | disconnect fd=475 username=bench-471 reason=slow client: chat message output queue overflow pending=16284 peak=16284 | disconnect fd=474 username=bench-470 reason=slow client: chat message output queue overflow pending=16284 peak=16284 | disconnect fd=473 username=bench-469 reason=slow client: chat message output queue overflow pending=16284 peak=16284 | disconnect fd=472 username=bench-468 reason=slow client: chat message output queue overflow pending=16284 peak=16284 | disconnect fd=471 username=bench-467 reason=slow client: chat message output queue overflow pending=16284 peak=16284 | disconnect fd=470 username=bench-466 reason=slow client: chat message output queue overflow pending=16284 peak=16284 | disconnect fd=469 username=bench-465 reason=slow client: chat message output queue overflow pending=16284 peak=16284 | disconnect fd=468 username=bench-464 reason=slow client: chat message output queue overflow pending=16284 peak=16284 | disconnect fd=467 username=bench-463 reason=slow client: chat message output queue overflow pending=16284 peak=16284 | disconnect fd=466 username=bench-462 reason=slow client: chat message output queue overflow pending=16284 peak=16284 | disconnect fd=465 username=bench-461 reason=slow client: chat message output queue overflow pending=16284 peak=16284 | disconnect fd=464 username=bench-460 reason=slow client: chat message output queue overflow pending=16284 peak=16284 | disconnect fd=463 username=bench-459 reason=slow client: chat message output queue overflow pending=16284 peak=16284 | disconnect fd=462 username=bench-458 reason=slow client: chat message output queue overflow pending=16284 peak=16284 | disconnect fd=461 username=bench-457 reason=slow client: chat message output queue overflow pending=16284 peak=16284 | disconnect fd=460 username=bench-456 reason=slow client: chat message output queue overflow pending=16284 peak=16284 | disconnect fd=459 username=bench-455 reason=slow client: chat message output queue overflow pending=16284 peak=16284 | disconnect fd=458 username=bench-454 reason=slow client: chat message output queue overflow pending=16284 peak=16284 | disconnect fd=457 username=bench-453 reason=slow client: chat message output queue overflow pending=16284 peak=16284 | disconnect fd=456 username=bench-452 reason=slow client: chat message output queue overflow pending=16284 peak=16284 | disconnect fd=455 username=bench-451 reason=slow client: chat message output queue overflow pending=16284 peak=16284 | disconnect fd=454 username=bench-450 reason=slow client: chat message output queue overflow pending=16284 peak=16284 | disconnect fd=453 username=bench-449 reason=slow client: chat message output queue overflow pending=16284 peak=16284 | disconnect fd=452 username=bench-448 reason=slow client: chat message output queue overflow pending=16284 peak=16284 | disconnect fd=451 username=bench-447 reason=slow client: chat message output queue overflow pending=16284 peak=16284 | disconnect fd=450 username=bench-446 reason=slow client: chat message output queue overflow pending=16284 peak=16284 | disconnect fd=449 username=bench-445 reason=slow client: chat message output queue overflow pending=16284 peak=16284 | disconnect fd=448 username=bench-444 reason=slow client: chat message output queue overflow pending=16284 peak=16284 | disconnect fd=447 username=bench-443 reason=slow client: chat message output queue overflow pending=16284 peak=16284 | disconnect fd=446 username=bench-442 reason=slow client: chat message output queue overflow pending=16284 peak=16284 | disconnect fd=445 username=bench-441 reason=slow client: chat message output queue overflow pending=16284 peak=16284 | disconnect fd=444 username=bench-440 reason=slow client: chat message output queue overflow pending=16284 peak=16284 | disconnect fd=443 username=bench-439 reason=slow client: chat message output queue overflow pending=16284 peak=16284 | disconnect fd=442 username=bench-438 reason=slow client: chat message output queue overflow pending=16284 peak=16284 | disconnect fd=441 username=bench-437 reason=slow client: chat message output queue overflow pending=16284 peak=16284 | disconnect fd=440 username=bench-436 reason=slow client: chat message output queue overflow pending=16284 peak=16284 | disconnect fd=439 username=bench-435 reason=slow client: chat message output queue overflow pending=16284 peak=16284 | disconnect fd=438 username=bench-434 reason=slow client: chat message output queue overflow pending=16284 peak=16284 | disconnect fd=437 username=bench-433 reason=slow client: chat message output queue overflow pending=16284 peak=16284 | disconnect fd=436 username=bench-432 reason=slow client: chat message output queue overflow pending=16284 peak=16284 | disconnect fd=435 username=bench-431 reason=slow client: chat message output queue overflow pending=16284 peak=16284 | disconnect fd=434 username=bench-430 reason=slow client: chat message output queue overflow pending=16284 peak=16284 | disconnect fd=433 username=bench-429 reason=slow client: chat message output queue overflow pending=16284 peak=16284 | disconnect fd=432 username=bench-428 reason=slow client: chat message output queue overflow pending=16284 peak=16284 | disconnect fd=431 username=bench-427 reason=slow client: chat message output queue overflow pending=16284 peak=16284 | disconnect fd=430 username=bench-426 reason=slow client: chat message output queue overflow pending=16284 peak=16284 | disconnect fd=429 username=bench-425 reason=slow client: chat message output queue overflow pending=16284 peak=16284 | disconnect fd=428 username=bench-424 reason=slow client: chat message output queue overflow pending=16284 peak=16284 | disconnect fd=427 username=bench-423 reason=slow client: chat message output queue overflow pending=16284 peak=16284 | disconnect fd=426 username=bench-422 reason=slow client: chat message output queue overflow pending=16284 peak=16284 | disconnect fd=425 username=bench-421 reason=slow client: chat message output queue overflow pending=16284 peak=16284 | disconnect fd=424 username=bench-420 reason=slow client: chat message output queue overflow pending=16284 peak=16284 | disconnect fd=423 username=bench-419 reason=slow client: chat message output queue overflow pending=16284 peak=16284 | disconnect fd=422 username=bench-418 reason=slow client: chat message output queue overflow pending=16284 peak=16284 | disconnect fd=421 username=bench-417 reason=slow client: chat message output queue overflow pending=16284 peak=16284 | disconnect fd=420 username=bench-416 reason=slow client: chat message output queue overflow pending=16284 peak=16284 | disconnect fd=419 username=bench-415 reason=slow client: chat message output queue overflow pending=16284 peak=16284 | disconnect fd=418 username=bench-414 reason=slow client: chat message output queue overflow pending=16284 peak=16284 | disconnect fd=417 username=bench-413 reason=slow client: chat message output queue overflow pending=16284 peak=16284 | disconnect fd=416 username=bench-412 reason=slow client: chat message output queue overflow pending=16284 peak=16284 | disconnect fd=415 username=bench-411 reason=slow client: chat message output queue overflow pending=16284 peak=16284 | disconnect fd=414 username=bench-410 reason=slow client: chat message output queue overflow pending=16284 peak=16284 | disconnect fd=413 username=bench-409 reason=slow client: chat message output queue overflow pending=16284 peak=16284 | disconnect fd=412 username=bench-408 reason=slow client: chat message output queue overflow pending=16284 peak=16284 | disconnect fd=411 username=bench-407 reason=slow client: chat message output queue overflow pending=16284 peak=16284 | disconnect fd=410 username=bench-406 reason=slow client: chat message output queue overflow pending=16284 peak=16284 | disconnect fd=409 username=bench-405 reason=slow client: chat message output queue overflow pending=16284 peak=16284 | disconnect fd=408 username=bench-404 reason=slow client: chat message output queue overflow pending=16284 peak=16284 | disconnect fd=407 username=bench-403 reason=slow client: chat message output queue overflow pending=16284 peak=16284 | disconnect fd=406 username=bench-402 reason=slow client: chat message output queue overflow pending=16284 peak=16284 | disconnect fd=405 username=bench-401 reason=slow client: chat message output queue overflow pending=16284 peak=16284 | disconnect fd=404 username=bench-400 reason=slow client: chat message output queue overflow pending=16284 peak=16284 | disconnect fd=403 username=bench-399 reason=slow client: chat message output queue overflow pending=16284 peak=16284 | disconnect fd=402 username=bench-398 reason=slow client: chat message output queue overflow pending=16284 peak=16284 | disconnect fd=401 username=bench-397 reason=slow client: chat message output queue overflow pending=16284 peak=16284 | disconnect fd=400 username=bench-396 reason=slow client: chat message output queue overflow pending=16284 peak=16284 | disconnect fd=399 username=bench-395 reason=slow client: chat message output queue overflow pending=16284 peak=16284 | disconnect fd=398 username=bench-394 reason=slow client: chat message output queue overflow pending=16284 peak=16284 | disconnect fd=397 username=bench-393 reason=slow client: chat message output queue overflow pending=16284 peak=16284 | disconnect fd=396 username=bench-392 reason=slow client: chat message output queue overflow pending=16284 peak=16284 | disconnect fd=395 username=bench-391 reason=slow client: chat message output queue overflow pending=16284 peak=16284 | disconnect fd=394 username=bench-390 reason=slow client: chat message output queue overflow pending=16284 peak=16284 | disconnect fd=393 username=bench-389 reason=slow client: chat message output queue overflow pending=16284 peak=16284 | disconnect fd=392 username=bench-388 reason=slow client: chat message output queue overflow pending=16284 peak=16284 | disconnect fd=391 username=bench-387 reason=slow client: chat message output queue overflow pending=16284 peak=16284 | disconnect fd=390 username=bench-386 reason=slow client: chat message output queue overflow pending=16284 peak=16284 | disconnect fd=389 username=bench-385 reason=slow client: chat message output queue overflow pending=16284 peak=16284 | disconnect fd=388 username=bench-384 reason=slow client: chat message output queue overflow pending=16284 peak=16284 | disconnect fd=387 username=bench-383 reason=slow client: chat message output queue overflow pending=16284 peak=16284 | disconnect fd=386 username=bench-382 reason=slow client: chat message output queue overflow pending=16284 peak=16284 | disconnect fd=385 username=bench-381 reason=slow client: chat message output queue overflow pending=16284 peak=16284 | disconnect fd=384 username=bench-380 reason=slow client: chat message output queue overflow pending=16284 peak=16284 | disconnect fd=383 username=bench-379 reason=slow client: chat message output queue overflow pending=16284 peak=16284 | disconnect fd=382 username=bench-378 reason=slow client: chat message output queue overflow pending=16284 peak=16284 | disconnect fd=381 username=bench-377 reason=slow client: chat message output queue overflow pending=16284 peak=16284 | disconnect fd=380 username=bench-376 reason=slow client: chat message output queue overflow pending=16284 peak=16284 | disconnect fd=379 username=bench-375 reason=slow client: chat message output queue overflow pending=16284 peak=16284 | disconnect fd=378 username=bench-374 reason=slow client: chat message output queue overflow pending=16284 peak=16284 | disconnect fd=377 username=bench-373 reason=slow client: chat message output queue overflow pending=16284 peak=16284 | disconnect fd=376 username=bench-372 reason=slow client: chat message output queue overflow pending=16284 peak=16284 | disconnect fd=375 username=bench-371 reason=slow client: chat message output queue overflow pending=16284 peak=16284 | disconnect fd=374 username=bench-370 reason=slow client: chat message output queue overflow pending=16284 peak=16284 | disconnect fd=373 username=bench-369 reason=slow client: chat message output queue overflow pending=16284 peak=16284 | disconnect fd=372 username=bench-368 reason=slow client: chat message output queue overflow pending=16284 peak=16284 | disconnect fd=371 username=bench-367 reason=slow client: chat message output queue overflow pending=16284 peak=16284 | disconnect fd=370 username=bench-366 reason=slow client: chat message output queue overflow pending=16284 peak=16284 | disconnect fd=369 username=bench-365 reason=slow client: chat message output queue overflow pending=16284 peak=16284 | disconnect fd=368 username=bench-364 reason=slow client: chat message output queue overflow pending=16284 peak=16284 | disconnect fd=367 username=bench-363 reason=slow client: chat message output queue overflow pending=16284 peak=16284 | disconnect fd=366 username=bench-362 reason=slow client: chat message output queue overflow pending=16284 peak=16284 | disconnect fd=365 username=bench-361 reason=slow client: chat message output queue overflow pending=16284 peak=16284 | disconnect fd=364 username=bench-360 reason=slow client: chat message output queue overflow pending=16284 peak=16284 | disconnect fd=363 username=bench-359 reason=slow client: chat message output queue overflow pending=16284 peak=16284 | disconnect fd=362 username=bench-358 reason=slow client: chat message output queue overflow pending=16284 peak=16284 | disconnect fd=361 username=bench-357 reason=slow client: chat message output queue overflow pending=16284 peak=16284 | disconnect fd=360 username=bench-356 reason=slow client: chat message output queue overflow pending=16284 peak=16284 | disconnect fd=359 username=bench-355 reason=slow client: chat message output queue overflow pending=16284 peak=16284 | disconnect fd=358 username=bench-354 reason=slow client: chat message output queue overflow pending=16284 peak=16284 | disconnect fd=357 username=bench-353 reason=slow client: chat message output queue overflow pending=16284 peak=16284 | disconnect fd=356 username=bench-352 reason=slow client: chat message output queue overflow pending=16284 peak=16284 | disconnect fd=355 username=bench-351 reason=slow client: chat message output queue overflow pending=16284 peak=16284 | disconnect fd=354 username=bench-350 reason=slow client: chat message output queue overflow pending=16284 peak=16284 | disconnect fd=353 username=bench-349 reason=slow client: chat message output queue overflow pending=16284 peak=16284 | disconnect fd=352 username=bench-348 reason=slow client: chat message output queue overflow pending=16284 peak=16284 | disconnect fd=351 username=bench-347 reason=slow client: chat message output queue overflow pending=16284 peak=16284 | disconnect fd=350 username=bench-346 reason=slow client: chat message output queue overflow pending=16284 peak=16284 | disconnect fd=349 username=bench-345 reason=slow client: chat message output queue overflow pending=16284 peak=16284 | disconnect fd=348 username=bench-344 reason=slow client: chat message output queue overflow pending=16284 peak=16284 | disconnect fd=347 username=bench-343 reason=slow client: chat message output queue overflow pending=16284 peak=16284 | disconnect fd=346 username=bench-342 reason=slow client: chat message output queue overflow pending=16284 peak=16284 | disconnect fd=345 username=bench-341 reason=slow client: chat message output queue overflow pending=16284 peak=16284 | disconnect fd=344 username=bench-340 reason=slow client: chat message output queue overflow pending=16284 peak=16284 | disconnect fd=343 username=bench-339 reason=slow client: chat message output queue overflow pending=16284 peak=16284 | disconnect fd=342 username=bench-338 reason=slow client: chat message output queue overflow pending=16284 peak=16284 | disconnect fd=341 username=bench-337 reason=slow client: chat message output queue overflow pending=16284 peak=16284 | disconnect fd=340 username=bench-336 reason=slow client: chat message output queue overflow pending=16284 peak=16284 | disconnect fd=339 username=bench-335 reason=slow client: chat message output queue overflow pending=16284 peak=16284 | disconnect fd=338 username=bench-334 reason=slow client: chat message output queue overflow pending=16284 peak=16284 | disconnect fd=337 username=bench-333 reason=slow client: chat message output queue overflow pending=16284 peak=16284 | disconnect fd=336 username=bench-332 reason=slow client: chat message output queue overflow pending=16284 peak=16284 | disconnect fd=335 username=bench-331 reason=slow client: chat message output queue overflow pending=16284 peak=16284 | disconnect fd=334 username=bench-330 reason=slow client: chat message output queue overflow pending=16284 peak=16284 | disconnect fd=333 username=bench-329 reason=slow client: chat message output queue overflow pending=16284 peak=16284 | disconnect fd=332 username=bench-328 reason=slow client: chat message output queue overflow pending=16284 peak=16284 | disconnect fd=331 username=bench-327 reason=slow client: chat message output queue overflow pending=16284 peak=16284 | disconnect fd=330 username=bench-326 reason=slow client: chat message output queue overflow pending=16284 peak=16284 | disconnect fd=329 username=bench-325 reason=slow client: chat message output queue overflow pending=16284 peak=16284 | disconnect fd=328 username=bench-324 reason=slow client: chat message output queue overflow pending=16284 peak=16284 | disconnect fd=327 username=bench-323 reason=slow client: chat message output queue overflow pending=16284 peak=16284 | disconnect fd=326 username=bench-322 reason=slow client: chat message output queue overflow pending=16284 peak=16284 | disconnect fd=325 username=bench-321 reason=slow client: chat message output queue overflow pending=16284 peak=16284 | disconnect fd=324 username=bench-320 reason=slow client: chat message output queue overflow pending=16284 peak=16284 | disconnect fd=323 username=bench-319 reason=slow client: chat message output queue overflow pending=16284 peak=16284 | disconnect fd=322 username=bench-318 reason=slow client: chat message output queue overflow pending=16284 peak=16284 | disconnect fd=321 username=bench-317 reason=slow client: chat message output queue overflow pending=16284 peak=16284 | disconnect fd=320 username=bench-316 reason=slow client: chat message output queue overflow pending=16284 peak=16284 | disconnect fd=319 username=bench-315 reason=slow client: chat message output queue overflow pending=16284 peak=16284 | disconnect fd=318 username=bench-314 reason=slow client: chat message output queue overflow pending=16284 peak=16284 | disconnect fd=317 username=bench-313 reason=slow client: chat message output queue overflow pending=16284 peak=16284 | disconnect fd=316 username=bench-312 reason=slow client: chat message output queue overflow pending=16284 peak=16284 | disconnect fd=315 username=bench-311 reason=slow client: chat message output queue overflow pending=16284 peak=16284 | disconnect fd=314 username=bench-310 reason=slow client: chat message output queue overflow pending=16284 peak=16284 | disconnect fd=313 username=bench-309 reason=slow client: chat message output queue overflow pending=16284 peak=16284 | disconnect fd=312 username=bench-308 reason=slow client: chat message output queue overflow pending=16284 peak=16284 | disconnect fd=311 username=bench-307 reason=slow client: chat message output queue overflow pending=16284 peak=16284 | disconnect fd=310 username=bench-306 reason=slow client: chat message output queue overflow pending=16284 peak=16284 | disconnect fd=309 username=bench-305 reason=slow client: chat message output queue overflow pending=16284 peak=16284 | disconnect fd=308 username=bench-304 reason=slow client: chat message output queue overflow pending=16284 peak=16284 | disconnect fd=307 username=bench-303 reason=slow client: chat message output queue overflow pending=16284 peak=16284 | disconnect fd=306 username=bench-302 reason=slow client: chat message output queue overflow pending=16284 peak=16284 | disconnect fd=305 username=bench-301 reason=slow client: chat message output queue overflow pending=16284 peak=16284 | disconnect fd=304 username=bench-300 reason=slow client: chat message output queue overflow pending=16284 peak=16284 | disconnect fd=303 username=bench-299 reason=slow client: chat message output queue overflow pending=16284 peak=16284 | disconnect fd=302 username=bench-298 reason=slow client: chat message output queue overflow pending=16284 peak=16284 | disconnect fd=301 username=bench-297 reason=slow client: chat message output queue overflow pending=16284 peak=16284 | disconnect fd=300 username=bench-296 reason=slow client: chat message output queue overflow pending=16284 peak=16284 | disconnect fd=299 username=bench-295 reason=slow client: chat message output queue overflow pending=16284 peak=16284 | disconnect fd=298 username=bench-294 reason=slow client: chat message output queue overflow pending=16284 peak=16284 | disconnect fd=297 username=bench-293 reason=slow client: chat message output queue overflow pending=16284 peak=16284 | disconnect fd=296 username=bench-292 reason=slow client: chat message output queue overflow pending=16284 peak=16284 | disconnect fd=295 username=bench-291 reason=slow client: chat message output queue overflow pending=16284 peak=16284 | disconnect fd=294 username=bench-290 reason=slow client: chat message output queue overflow pending=16284 peak=16284 | disconnect fd=293 username=bench-289 reason=slow client: chat message output queue overflow pending=16284 peak=16284 | disconnect fd=292 username=bench-288 reason=slow client: chat message output queue overflow pending=16284 peak=16284 | disconnect fd=291 username=bench-287 reason=slow client: chat message output queue overflow pending=16284 peak=16284 | disconnect fd=290 username=bench-286 reason=slow client: chat message output queue overflow pending=16284 peak=16284 | disconnect fd=289 username=bench-285 reason=slow client: chat message output queue overflow pending=16284 peak=16284 | disconnect fd=288 username=bench-284 reason=slow client: chat message output queue overflow pending=16284 peak=16284 | disconnect fd=287 username=bench-283 reason=slow client: chat message output queue overflow pending=16284 peak=16284 | disconnect fd=286 username=bench-282 reason=slow client: chat message output queue overflow pending=16284 peak=16284 | disconnect fd=285 username=bench-281 reason=slow client: chat message output queue overflow pending=16284 peak=16284 | disconnect fd=284 username=bench-280 reason=slow client: chat message output queue overflow pending=16284 peak=16284 | disconnect fd=283 username=bench-279 reason=slow client: chat message output queue overflow pending=16284 peak=16284 | disconnect fd=282 username=bench-278 reason=slow client: chat message output queue overflow pending=16284 peak=16284 | disconnect fd=281 username=bench-277 reason=slow client: chat message output queue overflow pending=16284 peak=16284 | disconnect fd=280 username=bench-276 reason=slow client: chat message output queue overflow pending=16284 peak=16284 | disconnect fd=279 username=bench-275 reason=slow client: chat message output queue overflow pending=16284 peak=16284 | disconnect fd=278 username=bench-274 reason=slow client: chat message output queue overflow pending=16284 peak=16284 | disconnect fd=277 username=bench-273 reason=slow client: chat message output queue overflow pending=16284 peak=16284 | disconnect fd=276 username=bench-272 reason=slow client: chat message output queue overflow pending=16284 peak=16284 | disconnect fd=275 username=bench-271 reason=slow client: chat message output queue overflow pending=16284 peak=16284 | disconnect fd=274 username=bench-270 reason=slow client: chat message output queue overflow pending=16284 peak=16284 | disconnect fd=273 username=bench-269 reason=slow client: chat message output queue overflow pending=16284 peak=16284 | disconnect fd=272 username=bench-268 reason=slow client: chat message output queue overflow pending=16284 peak=16284 | disconnect fd=271 username=bench-267 reason=slow client: chat message output queue overflow pending=16284 peak=16284 | disconnect fd=270 username=bench-266 reason=slow client: chat message output queue overflow pending=16284 peak=16284 | disconnect fd=269 username=bench-265 reason=slow client: chat message output queue overflow pending=16284 peak=16284 | disconnect fd=268 username=bench-264 reason=slow client: chat message output queue overflow pending=16284 peak=16284 | disconnect fd=267 username=bench-263 reason=slow client: chat message output queue overflow pending=16284 peak=16284 | disconnect fd=266 username=bench-262 reason=slow client: chat message output queue overflow pending=16284 peak=16284 | disconnect fd=265 username=bench-261 reason=slow client: chat message output queue overflow pending=16284 peak=16284 | disconnect fd=264 username=bench-260 reason=slow client: chat message output queue overflow pending=16284 peak=16284 | disconnect fd=263 username=bench-259 reason=slow client: chat message output queue overflow pending=16284 peak=16284 | disconnect fd=262 username=bench-258 reason=slow client: chat message output queue overflow pending=16284 peak=16284 | disconnect fd=261 username=bench-257 reason=slow client: chat message output queue overflow pending=16284 peak=16284 | disconnect fd=260 username=bench-256 reason=slow client: chat message output queue overflow pending=16284 peak=16284 | disconnect fd=259 username=bench-255 reason=slow client: chat message output queue overflow pending=16284 peak=16284 | disconnect fd=258 username=bench-254 reason=slow client: chat message output queue overflow pending=16284 peak=16284 | disconnect fd=257 username=bench-253 reason=slow client: chat message output queue overflow pending=16284 peak=16284
